{"cameraMode":{"drawMode":0,"name":"Shaded","section":"Shading Mode"},"sceneLighting":true,"audioPlay":false,"sceneViewState":{"showFog":true,"showMaterialUpdate":true,"showSkybox":true,"showFlares":true,"showImageEffects":true,"showParticleSystems":true,"showVisualEffectGraphs":true,"m_FxEnabled":true},"in2DMode":false,"pivot":{"x":0.31302809715270998,"y":3.218597412109375,"z":311.9709777832031},"rotation":{"x":-0.12189337611198425,"y":0.13268087804317475,"z":-0.01644418016076088,"w":-0.9834990501403809},"size":9.428627014160157,"orthographic":false}