{"cameraMode":{"drawMode":0,"name":"Shaded","section":"Shading Mode"},"sceneLighting":false,"audioPlay":false,"sceneViewState":{"showFog":true,"showMaterialUpdate":false,"showSkybox":false,"showFlares":true,"showImageEffects":true,"showParticleSystems":true,"showVisualEffectGraphs":true,"m_FxEnabled":true},"in2DMode":false,"pivot":{"x":-1.0636107921600342,"y":5.267368793487549,"z":24.165847778320314},"rotation":{"x":-0.012600150890648365,"y":0.014998157508671284,"z":0.00018924742471426725,"w":0.99981290102005},"size":8.35234546661377,"orthographic":true}