{"cameraMode":{"drawMode":0,"name":"Shaded","section":"Shading Mode"},"sceneLighting":false,"audioPlay":false,"sceneViewState":{"showFog":true,"showMaterialUpdate":true,"showSkybox":true,"showFlares":true,"showImageEffects":true,"showParticleSystems":true},"in2DMode":false,"pivot":{"x":-2.687000036239624,"y":-0.5,"z":9.699999809265137},"rotation":{"x":0.1887482851743698,"y":0.010311054065823555,"z":-0.0019819356966763736,"w":0.98196941614151},"size":4.950000286102295,"orthographic":false}