{"cameraMode":{"drawMode":0,"name":"Shaded","section":"Shading Mode"},"sceneLighting":false,"audioPlay":false,"sceneViewState":{"showFog":false,"showMaterialUpdate":false,"showSkybox":false,"showFlares":false,"showImageEffects":false,"showParticleSystems":false},"in2DMode":false,"pivot":{"x":1.3993477821350098,"y":2.2029709815979006,"z":7.763115882873535},"rotation":{"x":0.038227956742048267,"y":-0.09130506217479706,"z":0.003507640678435564,"w":0.9950827956199646},"size":5.557884693145752,"orthographic":false}