{"cameraMode":{"drawMode":0,"name":"Shaded","section":"Shading Mode"},"sceneLighting":false,"audioPlay":false,"sceneViewState":{"showFog":true,"showMaterialUpdate":true,"showSkybox":true,"showFlares":true,"showImageEffects":true,"showParticleSystems":true},"in2DMode":false,"pivot":{"x":0.3965493142604828,"y":3.882702350616455,"z":171.42138671875},"rotation":{"x":0.12505821883678437,"y":-0.01339309848845005,"z":0.0016883183270692826,"w":0.9920576214790344},"size":16.257877349853517,"orthographic":false}