{"cameraMode":{"drawMode":0,"name":"Shaded","section":"Shading Mode"},"sceneLighting":true,"audioPlay":false,"sceneViewState":{"showFog":true,"showMaterialUpdate":true,"showSkybox":true,"showFlares":true,"showImageEffects":true,"showParticleSystems":true},"in2DMode":false,"pivot":{"x":-0.5757180452346802,"y":1.4023947715759278,"z":0.24632291495800019},"rotation":{"x":-0.10332121700048447,"y":-0.166880264878273,"z":0.0175867211073637,"w":-0.9803909063339233},"size":6.821613311767578,"orthographic":false}